{
    "pid": "o000",
    "phase": "ambulatory",
    "measurement": "measurement 23",
    "date_time": "2018-01-01 12:17:45",
    "sbp": 141.0,
    "dbp": 88.0,
    "baseline": {
        "sbp": 135.5,
        "dbp": 93.0
    },
    "delta": {
        "sbp": 5.5,
        "dbp": -5.0,
        "arm_angle": -60.67756796611957,
        "beat_length_ekg": -0.0304571924973279,
        "hr": {
            "ekg": 3.655279475135856,
            "optical": 6.133254736779363,
            "pressure": 18.04324188600345
        },
        "hrv_ekg": -0.0163475924191269,
        "dpdt": {
            "optical": 1.0599979633570316,
            "pressure": -0.6460540100649029
        },
        "quality": {
            "optical": -0.2033698605267968,
            "pressure": -0.7534108327878326
        },
        "invpat": {
            "optical": 0.3808924901869348,
            "pressure": -0.3397372464332697
        },
        "rpat": {
            "optical": -0.0160000000000484,
            "pressure": 0.0092499999998809
        },
        "aix_pressure": 0.02538470017662,
        "dicrotic_notch_height_pressure": -0.1425952450828689,
        "ejection_duration": {
            "fraction_pressure": 0.0340604112524796,
            "pressure": -0.0325
        },
        "rwat_pressure": -0.035,
        "sysrise_pressure": -0.035
    },
    "arm_angle": 36.3820473251316,
    "motion_level": 0.0640592782237506,
    "steps_last": {
        "five_mins": 130.0,
        "thirty_mins": 867.0
    },
    "beat_length_ekg": 0.689285563741083,
    "hr": {
        "ekg": 87.0466511359259,
        "optical": 89.4363890106664,
        "pressure": 101.222924231134
    },
    "hrv_ekg": 0.0084380092438907,
    "dpdt": {
        "optical": 7.81523410917154,
        "pressure": 11.3124587988164
    },
    "quality": {
        "optical": 0.7420233758221891,
        "pressure": 0.0
    },
    "invpat": {
        "optical": 5.07614213198036,
        "pressure": 5.88235294117641
    },
    "rpat": {
        "optical": 0.196999999999974,
        "pressure": 0.1700000000000019
    },
    "aix_pressure": 1.04578744642862,
    "dicrotic_notch_height_pressure": 0.46797066530948,
    "ejection_duration": {
        "fraction_pressure": 0.4786262331019361,
        "pressure": 0.2825
    },
    "rwat_pressure": 0.18,
    "sysrise_pressure": 0.125,
    "duration": 18.5,
    "pressure_quality": 1.0,
    "optical_quality": 0.983,
    "waveform_file_path": "measurements_auscultatory/a000/a000.initial.Calibration_start_1.tsv",
    "waveforms_generated": 1,
    "primary": {
        "systolic": 108.0,
        "diastolic": 72.0
    },
    "secondary": {
        "systolic": 112.0,
        "diastolic": 76.0
    },
    "consensus": {
        "systolic_error": 4.0,
        "diastolic_error": 4.0
    },
    "n_meas": {
        "inlab": 15,
        "ambulatory": 41.0
    },
    "aurora_size": "L",
    "fitzpatrick_scale": 4.0,
    "bp_cuff_arm": "R",
    "in_feature_table": 1,
    "age": 33.0,
    "height": 68.0,
    "weight": 200.0,
    "gender": "M",
    "self_report_htn": "norm",
    "high_blood_pressure": 0,
    "coronary_artery_disease": 0,
    "diabetes": 0,
    "arrythmia": 0,
    "previous": {
        "heart_attack": 0,
        "stroke": 0
    },
    "heart_failure": 0,
    "aortic_stenosis": 0,
    "valvular_heart_disease": 0,
    "other_cv_diseases": 0,
    "cvd_meds": 0
}